,id,label,max_val
0,001dce72-b1c1-44b1-bf16-0c22cfe3a420,17.0,6182.25459959649
1,00a3c3e4-bf1f-4c0b-9e18-8bc60e66575d,16.0,5388.17008200022
2,0252a8f5-9913-47bb-a70f-c86e5c69f71a,0.0,6167.61428720019
3,026ed97d-d51e-489a-898e-6547d6f569f2,16.0,5030.71987919975
4,02a7475b-9007-4aef-a265-b38bbdbbec32,16.0,6890.56764360066
5,0358067f-cd41-4d91-ba9e-91405fbfc704,10.0,5592.87438239699
6,037d3c0e-2c33-4705-a6a4-778ce0858c85,0.0,5297.84380320052
7,04b1dc78-587d-4837-978e-ac288a2b480c,8.0,16911.2597319981
8,0670c6d3-ba11-476c-aac5-c63e399e27c3,8.0,16764.0509507983
9,06d1421b-265b-4a13-a39f-6df00dbf92a6,15.0,10240.1543047999
10,0987b42a-c841-4454-90ac-69e5b1054cd5,1.0,7531.24620319795
11,09f9a8ca-f346-4c9e-9ce6-8e7725bae5b3,8.0,13859.1989368015
12,0a093f26-5bfc-48bc-9a1e-47250871184d,7.0,10056.2111371983
13,0a82d537-6445-4402-b9c7-5701ed09b224,0.0,4735.15966880041
14,0aff5786-2cc9-45ca-90d9-d99c74821ac4,1.0,5916.42645839966
15,0b7728d0-c37b-4bb2-8c55-bb0211244291,14.0,7702.69123039907
16,0b8efd0d-2944-4300-87fe-47be4fb8500f,15.0,6459.13021760134
17,0cc0fcd7-ba31-4b36-abd6-a59b9700918c,15.0,15376.6253920039
18,0d1df061-d516-455b-9194-4b515a2a94af,14.0,7755.82014360043
19,0d359b12-cb16-4b49-a0b0-df6f5c378040,14.0,6598.18447400085
20,0de28587-2941-47f6-9555-b4456ab5ae9c,8.0,22667.2312364026
21,0e3bc76d-f700-4f37-b09c-60de4f2fd8e7,8.0,12823.2936915992
22,10d3bcbc-8658-4dc8-82ef-350e8f726ccc,0.0,5278.86637720076
23,1178737b-13d0-4f18-be37-485975448f37,6.0,7082.08516360173
24,11a4bd1a-f335-4c88-9673-32f479291738,8.0,20123.1123748003
25,11dace6f-33da-4f18-8ced-3fad7d6df8ed,14.0,5565.42703160085
26,12481948-7808-4615-84f7-a0d92eeaf1a2,0.0,19397.4059492029
27,132493ee-cece-4eb1-b41e-668773466e6c,2.0,9319.10792279814
28,145c8646-ab3b-4999-9799-de82bd00d2b6,0.0,13777.6053984053
29,151d956a-53ee-480c-91a6-2aa5afcce049,10.0,5969.52607120056
30,1550eee5-7061-48ca-8074-8af80bf1bcd6,0.0,22821.6867199999
31,1573ed56-b0fd-4ad4-9c73-2f568681fa23,0.0,22977.0307836006
32,15baadac-ad4e-43eb-959f-b8d73e726177,16.0,3939.7953560001
33,1659bb8f-768c-43a5-98d6-7343b146cc74,6.0,4138.43579440072
34,16aa1678-a581-4dfa-a91e-17f48bdfd4d3,13.0,34071.0420903997
35,1714f630-6922-4bfa-84cf-07b61aa076ba,10.0,8515.37463600107
36,175a1ef7-2f94-453d-8713-d9f1912dd027,2.0,11001.176519203
37,18025781-5a6c-4489-a850-7ba0f76eaadc,16.0,14748.1601519976
38,18250f70-382d-4cb8-a5df-1683737d47ae,15.0,16936.7504631955
39,1885cf63-5f31-45b9-94ab-f7f7815d3bed,16.0,4907.75709880018
40,18ba6fc3-d380-4243-bbef-857c3de97e31,16.0,17388.6304663974
41,18e7148e-737c-4e5b-a961-456b34c6c768,0.0,13192.6816279956
42,19549d29-64b0-45a8-8ed3-bb689c11f384,1.0,8684.3170428001
43,195a2298-ec45-41ef-9d46-0e9d8d6d075f,16.0,4655.29373360187
44,19636f91-d044-4bc4-8cab-d9fae1bd07c0,14.0,13239.3913695996
45,19f5f180-1f4e-45d9-85ce-db650babe239,14.0,18407.999568386
46,1a3291cb-1448-4558-b5a7-7ecc8e53ac7e,1.0,7656.79401320085
47,1a3b62a9-3717-4571-a5a8-1c18be4d0a25,1.0,5954.56416880001
48,1cfd98e3-88b9-4c3e-9a8a-d6b7be873468,6.0,4792.47377119827
49,1e0c57b1-0769-4337-b6f6-5d7309d91ca4,16.0,15068.4874903964
50,1f03795f-faf0-4d0e-8434-7eda17f639db,9.0,7142.07799280121
51,1f2d6239-4aa7-48de-a41b-730399e0d405,8.0,15083.0578532004
52,1fafc377-6171-4b57-affd-f4cb989c1792,6.0,30695.0166108145
53,2052ea3b-f357-469b-af9e-a80133b0b286,0.0,17408.2762183971
54,217c520a-20b7-45ce-965f-ffab4f04e4d6,5.0,9234.15534559899
55,21862340-57ff-4931-8b59-1e876d78f030,15.0,20518.5877183976
56,2241a124-0e4c-4b18-abb0-0e31108c543b,10.0,9344.1858039987
57,22d3fd2c-a23d-4620-899a-1faee6da511c,8.0,20112.5223447998
58,248f76e2-0154-466c-a85a-3a3fc22c43fa,16.0,13718.3834620009
59,2572c23c-7d70-4f3f-ad62-98bf6311c669,16.0,5864.99039960108
60,25b652df-9fcf-4c73-823f-0756ecc7596e,15.0,9464.01160960522
61,26836f05-c34f-43d2-a29b-b25884c9f9ef,11.0,4683.00151600033
62,26a48d2a-b656-4a2c-a15f-ca9dedd48f2c,15.0,23696.361807597
63,271a4536-185e-46b1-a407-a37ca78b7dae,6.0,8274.11588119958
64,2817a4be-3b1e-4927-a31e-816a1498801f,6.0,4477.10197400011
65,283826a4-c18f-4c0f-a1c5-01caa15386cf,16.0,10088.5806972001
66,2892143c-6849-4de8-b3bf-d585530333e2,8.0,13854.8026356002
67,289df69e-ec97-4684-b9a2-a797996fd1cf,8.0,13814.7947296002
68,29bd893e-5684-4fb3-ab75-2d71b5fa4ea8,11.0,13311.2880400004
69,29f94466-3f15-4241-9e9d-561d06d0afa3,0.0,4200.42791119704
70,2a5f6c56-52f2-49b0-88b4-f8a13a7e1874,15.0,11644.2137407998
71,2ad67833-c435-4b83-a333-5db89da4db8d,6.0,5865.61949439965
72,2b57e0f3-f54c-40f3-a89d-ea12829c4202,6.0,6263.30684039931
73,2bf791e6-e405-4181-be2a-21620cbad815,8.0,13912.1584064014
74,2ced8007-150f-4028-bcd3-dddc818a3d50,17.0,9157.21511602169
75,2ceed31d-5c71-46c8-ba1b-e93a787d683f,17.0,4396.59782480157
76,2cfdab06-4c1d-4663-a017-fae4521be7af,14.0,4817.3771672009
77,2e9a5cae-662a-4aec-8ec2-7d504244b8bc,1.0,8940.55573039986
78,2ed46eeb-bb38-4bd4-b16b-85db6f9f4267,16.0,14507.7149307981
79,2f566b20-d4d9-4608-baa9-0d16c13d8689,11.0,7006.8692832001
80,309b4cd9-fe3d-4dc1-896e-771770be6a38,17.0,5707.29651678994
81,30dc5b53-e184-405a-bb21-43a60c7344fb,5.0,8326.85814678553
82,319cebc4-74f3-4f4b-b52c-9f6b707a28b3,7.0,4918.88444879987
83,31b30bdf-e3a5-4f0c-8366-9b7ba4dc0076,6.0,5341.17734319807
84,325c829d-90c2-44ab-a359-47d702b9fc47,11.0,6075.76298240019
85,330caf03-7eca-4e6b-aca9-661b17716fd2,14.0,12740.988531601
86,3356ae03-6ec7-4427-bdef-ee4de3fe1e32,8.0,4893.00324079886
87,335e6fe0-1521-4392-91d8-ce2259d8a396,14.0,5795.18105839816
88,34e570ca-86f8-4bef-9b09-a37ec2cb38fc,8.0,9093.28944639992
89,367621ef-7d7b-43eb-ba1f-988e90b4fbed,7.0,9932.66770280025
90,36838001-300e-4ed6-9679-d4e5c938bd6c,2.0,6967.44128160208
91,376c1716-47cd-4972-ad72-5ff9bd0e96c1,16.0,10876.9708455998
92,37d2353e-8bae-41d2-863e-86adbb8aad5e,5.0,6027.50985600005
93,37eee0ce-86d6-458c-9873-e6d4e4186d1d,16.0,5033.44750560063
94,38478ba8-ecec-46c4-9212-212eca5133a1,14.0,10629.632136799
95,3887ae48-79c0-4b8c-81e5-a4db9b3a9e8c,8.0,22049.7162851989
96,391bd306-0ad0-4925-80b6-dcc70fdade68,0.0,4083.30164159997
97,39b75c35-ddda-4c10-9121-de1b4939134d,8.0,14819.3403120022
98,3a06e019-2b14-4ed6-9d37-0031640b80a5,16.0,7393.95082080046
99,3afbf801-e8d0-4f4e-8659-f6cc4aedf5f9,5.0,6887.20428079978
100,3b42328b-52e3-4027-83b6-13b938c7c2ed,16.0,14198.1937963938
101,3bd86187-c7c9-4557-867c-92a432af033f,14.0,5115.37099120324
102,3d07ae53-5d94-4f29-ac61-19226b29c0f6,8.0,21778.5540191981
103,3d33a705-7028-4eeb-b364-a4abc461d043,1.0,6917.07316759857
104,3ed94f53-5fc3-4c25-b710-65f75231fd6e,15.0,2641.59086960001
105,3f16e879-36c6-4f25-a3da-4564015b8e41,0.0,27272.4219408001
106,3f9eccea-aa85-4987-9fa4-ccdc85e92b9e,8.0,14215.0192156005
107,3fb36d52-a75b-4c91-b0cf-da21760f0421,0.0,19127.9909056029
108,401ba297-e962-4e75-97c9-7f7f20fb48ca,15.0,24351.4517736039
109,40473fc6-11f5-46e9-adde-d56b9e6f2f85,6.0,4644.95366560004
110,40f46761-bcca-4972-9de0-c958ec5f5d30,16.0,15279.73604
111,41e334b9-b076-47de-ac59-fb4270b06dd3,16.0,7460.89898319997
112,4241346f-2e6d-4db1-86c2-bf90d8a6af4e,12.0,15325.6987267814
113,4358571d-31a5-4626-a80f-94190798163a,0.0,13700.3851891968
114,436a9767-40d3-474e-aebd-ef993a784bf5,17.0,7826.11325119797
115,4401eb41-6b13-451e-95c7-aff182447d66,6.0,4930.95185239872
116,44425e1b-44d9-4c83-aff5-246cd80785e6,16.0,5966.79469119999
117,444ea45d-e284-4aed-b719-c9ca2717a7b4,15.0,15401.0817132003
118,4498fa6c-fff9-4843-a4ad-b2fe6116d517,16.0,4532.11123879919
119,44b34988-891c-4d54-959a-37195bf260aa,1.0,4897.7944752005
120,44d22209-778b-4244-ad0b-f7eecf5d339c,1.0,7722.50827400421
121,45619e9d-5672-4e8d-ab33-af970e2368bc,8.0,21130.2881508018
122,46528fdd-b1f0-4713-9a08-3be777e8d7e5,6.0,7146.53414639906
123,470ff305-2fe1-4112-b9d0-20bae3b57ef0,10.0,4948.59462160002
124,476ebd3c-f503-4ff6-9525-7ceddb52010f,5.0,7376.57086559921
125,4865a464-9253-427c-a2c9-69156016eb3f,0.0,3729.30493280001
126,492777f1-b0d0-4bfc-9bc7-572d7ecb5a98,0.0,4270.71928400073
127,49ebab0a-58c0-4bc4-94e0-987aa20c0754,11.0,6397.4026647993
128,49ed3643-d884-4644-8669-5791e50711f2,6.0,15198.7072480042
129,4a442c01-3d27-4263-8a1c-5fc24ee7e340,14.0,9612.81712118944
130,4af12402-f847-4bb4-9faf-f680bde8e54a,6.0,5722.63362319973
131,4b625506-e1c0-4679-971a-4f847ee2f4ab,16.0,6913.30366360125
132,4b838d22-262d-481e-922b-b544c050a7ff,1.0,8022.74125840631
133,4b857da7-8950-4d30-ac4b-dbb982136986,8.0,19833.5379988021
134,4bd9d159-dadd-4fd4-9ce9-23d3ea008cb0,16.0,15576.843937597
135,4c61bce6-7c29-4b82-9fcb-fedcd4585e8d,8.0,14347.666953603
136,4c6944f1-f355-425b-9096-263d1e3afe42,9.0,7845.66692120279
137,4cbfbd27-821f-4105-bcc9-2c8d62d205c6,7.0,10037.4363032024
138,4d02a52a-81c8-44b8-bed1-c9a8a6bde669,6.0,6731.58512719965
139,4fc5c9de-ad94-4c52-b1b3-329cf6a3f5cc,11.0,7867.96885920194
140,5020129b-04e1-41f8-97b0-b44664e2d4f2,8.0,13447.6748207999
141,504486d3-8316-47ae-82db-bc31e28e12ba,0.0,12096.4632479991
142,50612cc4-e0c3-4dc6-ac1c-112f19360ad5,8.0,18281.5737632
143,50f4e836-a17f-493b-b12a-d70211e38efd,9.0,5668.86711320331
144,51391be0-c021-471f-8c0a-14a36c8488ad,9.0,8893.95046559912
145,51995fa8-aff1-4efb-a366-bd2e60c2ac18,6.0,7686.43044840064
146,51b02e2a-3702-4f33-8f8c-cbd06cf79050,15.0,5053.43690840073
147,521bd677-bc1c-49a8-8c65-30c7cc9e0b7b,11.0,7243.02557599731
148,5248624a-45d0-4ee2-b509-92e5e7ea487a,6.0,6417.28579400296
149,527f0481-4ec2-46c2-9322-0ad19e6a1f71,6.0,8851.1903619999
150,52832fa5-6515-4188-950a-8f3d65eebce2,16.0,3967.73380640116
151,530f584a-d00a-4444-9c69-c9ab17046a62,6.0,11062.1188872028
152,531555ac-3f0c-40c6-a010-b13ab6d91d1f,15.0,11931.5503432008
153,536162d0-a901-4243-947f-bf2dcbef0532,8.0,14145.7768760001
154,539b5806-9b49-4656-b388-2a79bb26710b,1.0,6014.41790480021
155,542c2b05-36e8-4dca-9de3-af0f28e47706,10.0,19193.6434836025
156,54bc6af9-5112-4391-9d91-6e5ab837b96a,10.0,6881.21455319924
157,55194d75-b403-4f61-8cb5-5c0fbbb8a0ca,16.0,8342.07891480037
158,55f5d623-6dcd-4947-b59c-d7c5d0c4e083,11.0,7024.67329640058
159,5725dd08-1d3f-43b8-b292-d25c70576dfd,0.0,9716.10352279822
160,57c5edbd-143e-41bb-b970-aa231341c841,3.0,14636.8919160159
161,584df89f-bc4e-473c-82e1-3906fc475182,7.0,23653.171825601
162,58ec2ff0-0d8c-482e-80db-4fc5ecc1b9bd,1.0,9467.3091252007
163,5943796b-5ba8-4281-867d-d92276c30629,15.0,10884.5873828031
164,5a5ae6dd-24bb-46e8-8971-a581b6f8975e,2.0,3048.77677199693
165,5a8082d8-3166-41bd-844b-bfce41bbcd13,0.0,8352.84774080355
166,5a963345-29c2-463c-bea2-88a76c9f9564,11.0,5313.34758279991
167,5b8a2d23-6c49-4516-9712-9960c9df651e,6.0,10520.6774155995
168,5c059e6d-f3a1-493a-bc33-c288129833cd,14.0,4449.40921279704
169,5c33cc91-baff-4507-ba60-d598f261687c,0.0,4248.12291160015
170,5c8fc9e3-3c96-4c79-93e4-cc5197b64255,16.0,5053.61511919909
171,5d6f2d0e-ec25-4afc-8494-3f1e8c86ba5c,16.0,5130.18745760019
172,5d71beec-9eb9-4453-819d-b7edc2c1830b,0.0,6021.73176239921
173,5dbfe71d-dd31-4b76-bef6-82e05b9c6077,0.0,6560.60428120327
174,5de58362-7ebb-40b1-9335-60562b2cdcbb,1.0,6013.77241199953
175,5df5fe62-598d-4b46-bb40-ffe9e169d4c4,16.0,5844.65595320216
176,5e8dff63-37b5-43d9-b494-42138ce83153,6.0,14480.7328532042
177,5ea93cae-db3f-4591-92b5-3090ca3ef468,7.0,6193.43418359949
178,5ead91a1-1a4e-4d6c-9b01-52aa5571b46e,0.0,15238.8665495964
179,5ff348ad-f7a2-42e4-b50b-dbb6695c4542,5.0,7525.13796039966
180,6007de43-dbde-4be6-a76a-bd24f4826e72,1.0,5940.12674599981
181,60948552-b1fa-4311-9a83-fa00fe4f0260,16.0,14379.4524256009
182,61101d0c-5200-4cb4-93bf-0e20cddebcd2,5.0,6662.91260399885
183,61bdafc9-645f-4d9c-aef0-3293e113099e,10.0,5111.39566440033
184,622fb747-6882-4bee-9108-0735793ccbc5,16.0,3938.74708559997
185,623b09af-8d3f-4e72-8cc1-21d31b218bd5,16.0,14003.8435419992
186,623c97b6-dd80-49d5-a1fa-00aec9d0086b,6.0,9871.98211159557
187,624456c6-ac34-4cdc-afa4-a2046efdd487,6.0,6780.03489759976
188,62dc775c-6e68-49ba-af91-10b35266440a,5.0,12206.749811201
189,63d87914-8afd-4856-90cd-2d00f5d36b4c,0.0,14079.7748688001
190,6402f9bb-b2ac-47d2-b944-75945fa856e4,6.0,8907.55820399499
191,646f5434-3166-476f-a195-ee4f895b27fe,1.0,7813.04319800256
192,648320b9-d8e8-4eb1-be53-3f8d313b493e,17.0,3554.89951880008
193,64bd73f4-e367-4145-9a74-15db40382711,6.0,4330.25777519993
194,65a9f0d9-35f1-4fe8-a447-e6f533e9368c,1.0,11461.7564347991
195,666d08e1-25fc-4174-a7cb-12ac081f7a2d,0.0,11371.8766583988
196,66f02100-c3ec-4480-9fba-1b3260129cd6,10.0,7212.67491119943
197,67d6ef4b-f11c-4077-b71e-a3dbb5e91623,9.0,10058.7174324028
198,6810b930-871d-4b66-ad23-29de22d20dec,1.0,6009.43752960302
199,685740db-827e-4eb5-bd08-5bc8ae905a38,16.0,16030.3050367947
200,689006b1-50c6-451a-9e53-89b245dee080,1.0,6038.60149920001
201,68a9e34a-f8e0-448e-9f6f-8d1b2495f2bf,17.0,19020.5895807885
202,695c3a9f-dd04-423a-b607-0616019fe64a,8.0,6496.30351719998
203,6b0845f1-fbf6-40fb-9a69-9d104cfa75c6,15.0,12999.3676735976
204,6c2c5ed1-5c20-49c9-9587-0acf85a4ea55,16.0,11074.3939927997
205,6c4af0fd-ef85-44d5-bb7b-3ab76e835912,15.0,4628.57745640031
206,6c926838-cd1f-4d5e-a50f-e8ff3f53510d,10.0,6181.12365879642
207,6cbe26d6-43bd-42c6-a440-57a0f4b81dab,6.0,15307.0819564018
208,6d7328d2-d43b-42ad-8056-79985caeeb24,0.0,11572.4899787965
209,6dc5ed9a-548a-4308-9a5b-de1c4f6e9860,5.0,4599.92918999706
210,6dfff445-3b3d-445e-8582-80543bac144c,5.0,3172.05664880021
211,6e59cd07-1f68-4cb2-8252-77f592658077,16.0,8848.87114200319
212,6e70641f-9b9c-4060-9193-bb9f125ca882,5.0,5655.63631360055
213,6f2d318d-5f3e-43fd-b4dd-ff36c6caa247,3.0,5279.86086159945
214,6f42a2b3-4ed3-46ca-be7e-2acd46f7db39,15.0,8106.39192079907
215,6f4ad391-b95c-4ac7-b59f-371c947bcdb5,2.0,5722.46418880241
216,6f7d1d04-49af-456b-8f6f-1edf0f8a65f9,0.0,19073.8362743941
217,6f978c7f-5e38-4df9-80f9-2d755c3e6762,17.0,6148.35534559825
218,6fafd6fb-e139-44f8-9f63-960f607221ca,6.0,12896.0177968002
219,7005219e-531b-4e7d-891a-89f9e4a16225,11.0,7915.7898560079
220,713544bb-736a-4078-93f5-fe4643a20f15,15.0,15899.6736667978
221,718d8e77-f83f-4856-840d-8df0a3d09da8,15.0,25493.5966740013
222,71fa4869-d108-42d4-a58d-83ef62b49b71,2.0,10879.8571247989
223,7205a5fd-6307-493e-bf23-892f3eb3633a,14.0,3811.53953600005
224,720a7976-86b1-4a51-95fc-1cb9ba92849d,17.0,4797.71795799934
225,721b47b2-d5cc-411d-80ea-56a2f857acaf,6.0,5566.8243836044
226,7225bf67-90fa-433b-b976-a5c62f65173b,5.0,5587.3367003951
227,729c42e9-5169-45ad-a693-58e30038281a,5.0,5162.15770879717
228,72b92a0d-b4fa-49bd-b6de-5f8704e10282,16.0,4489.82259480181
229,72d8a014-3432-48e7-b086-ddaa8b0e2e74,15.0,15915.3186043986
230,730ad994-385b-4223-b9d3-55a4f56453ae,0.0,21010.3669971977
231,75106228-f23e-4f7b-a3da-9456bb35ea93,11.0,10201.534152402
232,75504b66-0cb8-4235-97f1-6c1591a61260,0.0,10656.9810779984
233,7558ee98-7e2c-443c-90af-fc0e7e247ef5,0.0,25482.7785700036
234,768edbce-daae-40d1-8056-94b3b18a1af4,8.0,22301.1756623996
235,77c17c08-c504-408c-ba53-4a94fa77b77c,5.0,7167.57886000414
236,7840dd62-042f-42e8-9179-87909fc6b17e,6.0,5864.38952880053
237,79c4b2a4-8184-48e0-b36e-24146f28e12e,8.0,13166.8051640008
238,7aaf6ed0-00d8-447b-80ea-ddab8849f36c,5.0,5484.53155759853
239,7beaf996-bb84-4585-bf98-aca1049fca73,10.0,6971.5118524
240,7c0ab6b9-bae5-49ae-b84d-841f48a669ee,11.0,12591.5364447865
241,7c60634e-71ce-466f-af98-47cd3c81ea86,2.0,10980.7185884001
242,7cbd49f8-a257-4cba-af5e-4bdc2ab3116b,1.0,17097.6888336008
243,7ccfe084-b08e-45b9-8775-b2c4421c210d,0.0,13642.5926392003
244,7cf6335e-2892-4057-83be-294074cf605b,5.0,8186.07038240225
245,7d50541d-1d50-4ded-8bb4-56c4f2a08ed5,2.0,6363.31485600385
246,7daae0ae-9b8d-4544-9d97-0471c65696fe,7.0,10189.3434775993
247,7df41ded-e917-4c3d-b244-77b9c98d5c83,8.0,18311.6578968002
248,7fad1907-92ee-4959-9e36-136d10d73935,6.0,5585.10673480123
249,7ff4a8b0-73a6-4a23-8a2a-3c53530c8b1d,3.0,4036.43451640528
250,7ff81177-37f7-4082-b47a-3f12999b70f5,1.0,4877.49267639811
251,7ffa2647-e30f-4be6-ae08-8b60f1f3f422,15.0,15435.4171384039
252,802773ff-4abe-496d-b815-3481c82d6434,5.0,3819.10607440022
253,805495f7-5401-4b6b-8a6c-9a488cd3cc35,0.0,4265.43015800053
254,8060e043-c622-48b8-a963-ba7fbd4b1e52,9.0,7749.60142279997
255,808ce138-f15d-4631-821d-8b61e52f56f7,16.0,5678.15189280009
256,81dc89ea-e932-4e5e-b232-f62f396042eb,2.0,6798.22253639577
257,82083982-3803-4732-b261-d7c9d5488ff0,0.0,14386.3280816004
258,82cec8ed-719f-4352-9b78-ba1ae69560ed,0.0,4895.45401759824
259,8300e048-0fce-4a39-8ac5-e990b22ad9f8,0.0,21675.2804991993
260,831d08f4-f1f0-45c1-98cd-a8d8f0cc7d9e,8.0,8653.5015155996
261,833309b2-bd3e-4559-b4c4-9d8dda901727,14.0,7075.44255678658
262,8434374e-d41f-4e4b-af0c-b6c637679282,14.0,6701.88520240004
263,84722250-7b20-4b27-b112-db08af7854f6,8.0,9962.88874399943
264,8504cd6e-4113-441a-81e7-14dbcf239a50,6.0,8538.86487640557
265,85f3e805-c4c5-4ea9-a4b5-a5437f49d2fc,16.0,7900.99238439871
266,866f1e8f-7320-4517-b47d-188c741702eb,0.0,15793.7852607974
267,86e1b6fb-80c5-470f-80f1-2d805ba78522,1.0,6948.66162519975
268,8718f335-b1e1-4e3e-9bd6-102cd2bfdf5a,0.0,10480.5940139995
269,8927b8ed-a2e9-47c1-87e6-d20e6d14e528,14.0,5653.10462439811
270,89cb00a4-c335-48e4-a977-9dda71c6db7f,16.0,10912.6769656013
271,8a579476-1069-4087-9ac2-12f728a6cc66,16.0,5606.52805760037
272,8aaaad56-171e-4b04-9c6f-5e243d6f3507,15.0,10302.0370464001
273,8b84ed20-57e3-4edc-9b33-85c7f7343c87,8.0,17912.8956856002
274,8bde7491-e6e0-4c4a-826a-31585424cdb5,1.0,4943.35734320009
275,8c82fff7-b1a1-4646-a4cb-7a6adb3a60c6,5.0,5713.70444920012
276,8cd8c86c-df1c-45b7-85b1-6337d7dcac89,15.0,4459.14798159993
277,8d2167f1-57c0-4f9c-9cc8-3f9d30b915cc,1.0,6860.69199439953
278,8e18ac25-4add-40ea-8c91-1b9a5c4c2299,6.0,5178.70530439905
279,8e329ca9-b091-4f31-a9b8-6da4ee3c2cc1,15.0,9322.89365079851
280,8f5c5a24-5cb0-481d-a5f2-38fd331eaa62,6.0,13937.3013635995
281,8fabd8cb-1261-464b-a0c7-84b948bba530,8.0,22628.608518
282,90063fab-7535-459a-b4da-789124247aaf,7.0,29042.4792295962
283,902a4da4-9ebf-418e-8139-00f80b31a640,6.0,14448.3706784085
284,904cdf3f-e79b-4b80-8531-79f6343eb70e,0.0,12717.7985000017
285,9081bf52-436e-4560-a8af-e0fab319dd06,7.0,5258.85385359993
286,912df36e-fd7c-49bf-a072-40b9b52294d2,16.0,17777.1532532061
287,91f019de-6907-4233-a677-245d8f61410a,2.0,6208.90719599993
288,9238afee-7e5f-4ae5-b27f-55aba70ffabc,14.0,4783.14068960026
289,92ff5ec2-665a-4242-81d0-4084b8d9f1eb,0.0,4419.057866
290,9414336d-f84f-4c48-b4d1-1ee31e236b8e,5.0,5583.54781480011
291,9415ae40-f716-4e78-88b9-51b17fe8acc9,2.0,6909.52440079127
292,94526bac-11c0-4854-8475-25afcc35dcbd,0.0,29741.458668781
293,9468ecb1-45d4-498d-bcca-e04f27b1dcea,8.0,13557.8730367997
294,94af212f-e931-48f3-9140-8b47c0954939,0.0,7531.04433040062
295,94f72fcf-b12b-4305-85d1-ed63736ee640,14.0,4399.86397399844
296,9503f42c-8975-45fc-8802-a6b930009c71,8.0,13305.2805175994
297,9510637f-edd1-4362-b77a-5e5af2afbd40,14.0,13038.7424056098
298,9514b930-b41a-4990-8b6d-c0ac4e0b0d67,15.0,10237.5868912059
299,962d78d2-519c-40ab-b16e-59aa2d172d53,17.0,8604.98405520048
300,96331270-24b9-4577-b509-86187aad3bee,5.0,6561.23776999993
301,96369f78-08f5-4300-836a-49f319b232e2,0.0,15823.7652300013
302,96593fda-33be-4d8f-88f7-9a5fc6b8b888,8.0,27796.1189596026
303,96f31d5d-e6d2-46ca-8d2b-cbffc6394fd4,6.0,12779.5460568013
304,9742cee9-4f6c-4f14-b9b5-7bdd3985f17c,16.0,6301.53409200284
305,97fb3f44-ce55-45bc-a6b2-84df0a85e878,15.0,7336.02914680523
306,987991cc-fa87-4ac7-9a2c-0337cec81b6c,15.0,15292.7054328029
307,98a9e93a-e70a-48a4-b8b6-885600b11643,8.0,4360.25362639975
308,999d7a6f-cec9-4d8b-8c74-ece09bb6d311,6.0,15658.7844879978
309,99a1488f-a2bf-49e9-8ef1-b559faec99b7,4.0,15.2451171999957
310,9a176d4e-9894-4721-af39-6da7e8568c16,5.0,9136.28872000845
311,9a22dfd8-7cf4-45d4-8f73-7a8784ee8e6d,6.0,19122.2607060045
312,9a265a70-ce59-4c4a-83ab-557be308b0ea,0.0,13721.9127992003
313,9a3a5ed4-2bde-4cf4-a2f2-95e28d794551,6.0,13908.4021760063
314,9ab2ac51-6547-4a2a-a1ac-02ac4c99883b,10.0,6600.81735320273
315,9b2efb0e-59bd-4544-abf2-90d94ff19a3d,14.0,7861.64956560242
316,9b5517ba-c9ad-45f7-a5b6-b0c468a04117,10.0,6042.8926247987
317,9b7f9468-a636-4a27-995f-4ab6a18125cd,0.0,10427.2552348002
318,9c3ddafd-2118-4e1e-bd69-81bfcb1f63a8,15.0,5827.82494520052
319,9ce00f15-6d49-4010-a16a-9416cc542031,1.0,6445.35090680438
320,9d10eb52-70b7-4210-b8cd-deef35b1f87b,16.0,5139.14915519854
321,9ddb3b77-204f-4c35-95db-b09dd36a5cd4,16.0,5976.66191239841
322,9ddb9b66-dee6-4393-90fc-a9517e1f0c9a,16.0,9090.08354360049
323,9e296cc6-69d8-4935-8a9d-9ec0d0e15924,0.0,18290.0873735998
324,9e371822-cd93-4c0e-9f3a-4cfa932f9262,8.0,22879.7010071976
325,9ea84709-259f-4f37-99ee-b8d774894925,6.0,16752.6139856054
326,9ec40732-b54e-40b4-b248-3708570c0468,8.0,33338.1177332049
327,9efdb593-8309-4e0b-8edf-f65ee197fbef,5.0,12182.797345602
328,9f0c004b-af56-400c-b897-d591108ab00f,0.0,24076.9745376019
329,9f6b4516-236d-4eb9-92b4-215b8ac6566e,2.0,4440.20542319777
330,9f872134-9003-4dc7-a45b-699ce6004530,14.0,8866.93468319936
331,a057315d-67f5-4427-a48a-46ad1bb54182,6.0,6295.22980039837
332,a087bbdb-2aa7-4ac0-907e-825d193351ce,1.0,10729.0670851944
333,a14e7cba-cb2c-4154-9a5c-72b0cb5fb479,1.0,7873.969088796
334,a2083d8f-da66-4fbd-b7c1-4e7e6824564d,14.0,10590.1676235953
335,a2ab14fc-b563-4e70-bbfe-d64cc9cdade9,0.0,16181.9380024026
336,a3980e86-dc85-46db-a5dd-6b728026892a,0.0,29834.6545144013
337,a3b16473-3de2-411d-82c8-c5c14dbe2f14,8.0,4122.00449240027
338,a40f8e61-9708-49a2-bbd8-649ad91f77d2,6.0,5851.58404519461
339,a472f147-29eb-4217-b39e-8fdf944d9e68,8.0,18010.8090764043
340,a49ef75f-c934-447f-bd23-559a6a799a6c,14.0,5040.22902440011
341,a590797a-3a1a-4bcd-b4f6-55d21d8e5ff2,8.0,20896.6924527995
342,a5bfa607-40a7-4e36-be2a-68cb02a2e780,11.0,5585.85614879848
343,a5da17fc-3765-4e65-927a-53e54dd2454a,16.0,6580.3073103998
344,a61a03be-f279-45df-aad6-89a09d43ccd5,17.0,4473.87966240058
345,a6bcde91-4618-476b-beaa-5aae97f81ac9,12.0,24.1351431999988
346,a78413c3-4948-4126-80fc-11d5a8a2d155,0.0,6733.79059440049
347,a78ee8ee-2c2c-4c05-a02a-71d4f1d28c93,6.0,7667.82286480156
348,a865ec72-d7d1-4889-b977-f69158e130dd,16.0,14893.869875601
349,a8d69716-3da9-4e27-9ee4-7669c95b0e1c,8.0,12938.8544223984
350,aa7fa2f8-160a-41a3-a7f7-ccc8bc430fe1,16.0,15513.4566328052
351,aa8aeed6-9998-40a2-9d7e-453c5890599e,15.0,9186.35531880136
352,ab7be4e4-97f9-493c-a11c-73a70affd965,0.0,11759.5675543998
353,ab97fa63-71c3-49df-81df-4685e6dd39f7,1.0,6361.51336439798
354,ac3e7264-49b5-4177-a114-7b72711629a2,15.0,5611.18395120138
355,accaa4da-92b6-4722-ac9b-acc834d9cddd,1.0,10718.457972398
356,ad30d652-3602-413a-8b44-69353b4b8c6d,15.0,16101.9065672008
357,ad38d2d8-d7f1-449a-977e-c5837ffdee7c,1.0,10283.8681292014
358,ad45720f-0c9f-4528-8d53-34f020b04da2,6.0,17333.435658802
359,ad594dbc-f077-4fd2-9dcd-42b3cbcd2192,8.0,12675.9011264003
360,ad68fc76-36bb-4318-9b7a-ca1eb7843370,8.0,5582.7205928008
361,ade36947-ac3b-46ca-99df-f69f05623466,0.0,14798.8025796003
362,ae540ff8-5f24-48f3-9677-9cc928b6f6c2,16.0,9118.05288879987
363,aee6dc17-0672-4a22-ab3d-a99598254e86,6.0,4163.25579879776
364,af1bbe13-62fa-48f6-b254-d3b84fb12cba,16.0,10022.3269544003
365,b04474cd-76d7-4b1f-9dbc-b1c2782fc377,11.0,5914.55618239706
366,b082685a-5ab2-4e28-81c4-89a8c43f2de0,8.0,15293.4961835999
367,b0a730ff-fcbc-4cbe-859d-9565b8882a70,15.0,5053.01364960178
368,b18d6cdb-8cab-4366-b765-d4b2e7369830,1.0,6932.63403039964
369,b1978822-3fc3-453d-a362-d79a96149b6e,5.0,6957.7647488004
370,b1a70e4d-45a4-449a-8f67-e66c21f12d85,2.0,4964.18302199891
371,b2014e5b-0fce-4bf7-9088-36474df74662,0.0,15621.8536044034
372,b24166a4-92a2-4d41-b4d2-ae61782ba4f2,6.0,5805.04110440006
373,b2c4ee13-dd01-4934-9ca5-09f81d9ac555,5.0,4758.94927240006
374,b4099fb1-3ac0-421b-99ba-1b2b8418cacf,6.0,7050.55500080198
375,b473ff12-ac5c-486f-9dc4-9152cf0d8db2,1.0,6520.34748400183
376,b4fcc832-67b7-4edd-b565-034baa835e01,1.0,19348.8710779984
377,b5605a1a-3ed4-4759-8f3b-ec0164f15747,0.0,8369.61642400274
378,b5accb5f-b664-460d-9c69-77efbd99ab7a,8.0,14550.3249819958
379,b6203b9c-6fee-4117-82f3-051f24ac13c6,11.0,4284.75225559987
380,b671c034-d95a-4010-b5ca-978cf5ee2ebd,1.0,5419.2579676
381,b6e58031-5617-4974-8756-850858970fde,6.0,10226.7585583977
382,b7108a97-e314-4982-9b06-2ca22276ebc0,8.0,11735.1127319998
383,b710b334-08d8-4d9d-aa95-cacb8607bcb5,11.0,5648.44618200004
384,b743f70e-3ab4-45fc-baaf-f66142ecc3e2,6.0,6164.70387879963
385,b76f6233-d000-40dd-ae74-686b333a72d3,11.0,9498.19416200626
386,b787342d-b5a3-44c4-bb5a-1350f6b614dd,2.0,12759.9460976053
387,b8d1afad-1014-446d-ba60-9a44260d830e,2.0,5596.73642679991
388,b9396d73-e265-43ac-b1c8-16c1dea3947c,11.0,7419.24716479843
389,b9a2746d-9183-4126-a3f8-88df2480784d,1.0,5246.84343879926
390,b9dfd657-d0a1-4adc-a628-4f934bc3cc00,0.0,7536.08094839728
391,ba76c95d-a7dd-40ef-9d99-34fab373a26d,16.0,7897.89140560015
392,baa7ddec-69b5-454e-9682-c01c01818047,15.0,14192.7861028016
393,bacabe66-e63d-4dee-b350-a85d801c07d7,1.0,5303.15777919895
394,bba43084-3a42-4ee1-a261-92b353b24c0a,6.0,13515.2194539987
395,bba4613a-1e99-475f-afd9-862d0aa79887,8.0,12975.5769967996
396,bc83dddd-68dc-41d8-8e73-acd7c05bba8c,6.0,6204.57066279778
397,bd184654-3a4b-4609-b41d-b3b5e55bb1c6,1.0,7618.19353759711
398,bd74dcb8-5345-46fa-8e83-2d56d99862ab,8.0,12326.5956880005
399,bf312a70-21dd-4a06-83cd-7db883689880,1.0,7589.24116800335
400,c0160d0c-e7ca-490f-ad21-e880c4cdcaf4,0.0,3297.23220000051
401,c01e315e-6642-417e-9563-357e5d682bc7,17.0,6357.87691759469
402,c03cbd32-1df6-4655-b73a-4753ef06fb83,3.0,3906.14292400005
403,c05d2ed9-298a-454e-a4b5-3f040498fcf7,5.0,5875.61147200176
404,c0c2006a-4d7e-447e-921f-8102e4d932a7,5.0,5415.52093319979
405,c11aa8ce-f9e0-4746-980f-3dbf7eee667c,6.0,14789.0186855984
406,c12b5a2f-c97e-45c0-8ea9-67ad9cb9cc2a,15.0,15049.717040798
407,c23740cb-8305-412f-a78e-1f9eb779d0ed,10.0,7282.43549959734
408,c24d4d9e-cbbc-4815-8f81-d95911a90f44,16.0,6947.63858559963
409,c2507428-9ca0-430d-957d-1fce974de85a,2.0,6505.01248919954
410,c2c3ad12-f98e-4663-9110-5e5654de776c,0.0,4147.69488120146
411,c3252268-497a-44ea-b37f-7576de1d8894,16.0,13686.5493152
412,c3c6f629-335f-4cdb-8967-3bfad2477f69,0.0,3179.18476720024
413,c4040dbd-7657-451b-af8a-7e2d35a20982,9.0,9755.46420800674
414,c4329fb3-632f-4dad-94f6-176e4ea0c7ec,8.0,20590.137658799
415,c43336bd-9e0c-46e7-9b27-c712d8ba0a14,10.0,8569.45360559621
416,c5359389-5fd6-4922-80c0-14af16db89d6,1.0,5882.26234159993
417,c6f20025-3526-427d-833e-c3adc31f799a,8.0,20089.9249304002
418,c6f7ab70-0be6-4531-a65c-1d18e57a9aad,0.0,3111.55003479962
419,c7155c71-4c97-4031-92fc-9e7872fb2f3e,8.0,18030.603708401
420,c7156e05-a8bb-4abb-a4c6-b3ba6393611a,15.0,4836.94509799898
421,c7fd6823-b724-4a5f-9c96-0d9e30133ed4,5.0,7630.78852160106
422,c95842e3-1125-4ad9-9940-0f132773469b,11.0,5657.28101560001
423,c98209cf-bea2-4f9c-9c8a-1d47726c4a7e,6.0,4450.76741279991
424,c999d931-2b5f-4a86-ba1e-1209d03e90e1,5.0,6221.68220080039
425,c9ad3752-558b-40c6-b3b3-3adda7fd67da,1.0,14391.8529431976
426,c9ea3e99-acd8-48b5-bd06-626cb90e43c7,1.0,7486.73211400001
427,cab93257-85db-4ef3-a89a-43a92a04c128,0.0,5830.8912167995
428,cb3fb2b4-cbd6-49fe-b67d-4ee035847d56,0.0,12062.8612528017
429,cba6fac5-87d6-449e-8f62-0b1193f077a6,16.0,4587.86882840104
430,cc40159f-1207-4b0c-8b69-0adae0ee6621,0.0,9649.80231160007
431,cc9122c8-ebdc-4238-a5c3-ec90df8d91bd,0.0,12854.8459528029
432,cc9dcbaa-c468-4c02-a533-c651ab209890,8.0,1771.64740240005
433,ccca55e4-25e2-4f2e-a48b-6ca1ec31d96e,14.0,5860.8708587999
434,cce1b7bc-4290-4312-8534-db7bc2b23a8f,7.0,5700.25591240119
435,cd2807e1-0085-4fc6-adfc-6367995d7c34,1.0,6723.33050560155
436,cd486abd-2b85-4542-8696-fc22f45380f2,0.0,21042.4688160001
437,cdc9c096-eca2-4d42-8c29-dcbbbc033f81,6.0,15851.6680736066
438,cdf7f73c-94b9-4bd7-ac83-95a717a6226c,2.0,5918.33278359991
439,ce336f66-ff0c-4fde-afd6-63d466b78069,15.0,14318.5892243928
440,cec3d5cc-0548-43b4-9d62-772cae2f6034,0.0,18078.354102403
441,cf567f9a-fe04-4c56-9bde-b659632d04fa,0.0,19436.0776576004
442,cfe9f9ac-858b-4b5d-b02a-024d46013bd2,9.0,13360.6040671948
443,cff30f5a-fd11-4897-aee9-a09d760c207a,14.0,5930.19609519979
444,d068fe37-f8a8-4e33-a5c1-c046f96a8af4,16.0,5215.3848664002
445,d0e94030-b874-4b54-806c-2fc1bddb48aa,16.0,8767.26594359934
446,d19d20d6-cfdc-4ec8-bfa6-26834f7fd0a4,16.0,31034.5100832001
447,d21bfd0a-9abc-4c18-a022-f50a48fe1857,7.0,5323.61045040307
448,d297ac2a-3226-4579-b384-48027736a31f,0.0,24826.8380200025
449,d318de8c-8602-43b8-a2b8-0f3a21de42bc,8.0,3459.40692160002
450,d37837d5-c260-432b-8469-2e93b809b68c,6.0,11866.0434631965
451,d4487750-5919-4989-ba32-125952cb0217,1.0,11439.4567275995
452,d4ac0df5-c73f-4f22-b905-e575880c0694,1.0,4976.38763079999
453,d50abaef-dff0-4bbd-b2c7-34a7a400ab37,11.0,6023.70154560049
454,d59e4b34-d78f-40cc-8efc-e5df0999bd4e,12.0,27.7493096000114
455,d652b20d-88e6-4a23-bb50-951ddaf1c5fb,16.0,24427.6975055982
456,d772f57f-1333-4be7-b43a-200c7dd22b8b,16.0,12152.9098807951
457,d822de3f-f952-47bc-b013-d6a32612d1ad,0.0,14777.1315184
458,d8316feb-9d32-4fa8-af7a-d044653093b0,8.0,13243.2269696001
459,d832a1ee-3090-4191-9885-4322aa46bf32,0.0,15175.5034520029
460,d8d942fe-e6bb-42cb-96ca-a6c9e37d148e,16.0,4908.72027840305
461,d91f48eb-e8dc-47ce-8eaf-20dbb77bcd69,8.0,18298.0613624004
462,d974f138-510f-4e2b-9003-1577bd2f59ba,2.0,16440.7061400125
463,d9de6768-ad19-4792-b277-fa27aa76d9e9,1.0,6210.48551359854
464,da54df98-ffa4-4b1d-9552-40bc0164da8b,15.0,8968.57182560052
465,da798658-93b2-4247-8b23-66ef0eb46bb6,8.0,13964.4676024
466,da91589e-a16e-4235-9778-f91d0182a857,11.0,4730.63038400142
467,db2456e5-357e-4f35-97cf-2072ffa52c02,15.0,5065.06898679982
468,dbb7edc0-ec3d-4e1a-a5f7-85334d9694cf,0.0,6204.47323559893
469,dbe72b4b-1350-4458-b06d-41dd1cd7bcda,0.0,11451.8087087999
470,dbe8794f-2aea-4af7-939c-6dc2cca2e793,0.0,7312.58201240053
471,dd3d0447-900f-4f9f-8c36-56fc00341b5b,0.0,12341.2447559999
472,dd9f8fbe-7e91-4b4d-ab37-66dfdf7ec810,10.0,7167.95920960067
473,df16ae3e-e8da-4429-8e17-724f45a275bc,8.0,968.846400000018
474,df1f7a47-4dc3-427b-b992-e6856306fd59,11.0,15450.5269351939
475,df64235a-9b4c-4543-a1bf-73bd3e4d8d53,6.0,5275.88552399538
476,e016926c-fa5c-49a7-a715-6b30d4aab4ed,7.0,9935.96865280415
477,e0604841-9173-4cae-8f02-3d79a02b4fcb,1.0,7662.27247159986
478,e063ffef-01e0-4576-ac65-98bb4c9541f8,16.0,12429.6071544013
479,e06e7a66-c777-4eb9-832f-cb104b34fe25,0.0,15038.129534405
480,e12ab856-0a01-457c-aacd-88246ebb37e7,6.0,4932.62100080028
481,e1308d9b-4e19-4a22-8267-4acf783c8159,16.0,6971.69933760006
482,e15e8f77-0609-4d18-9f36-fa7bfd117ce4,16.0,11871.8224592012
483,e16164ef-4c56-49d3-92cd-4906648599a4,14.0,6167.83869159553
484,e1c68148-24c8-4ca9-b2f0-a2b5c108e8f7,8.0,18594.8132191988
485,e1d71c00-7ad4-44ff-8aa2-6bf523986b0b,7.0,5988.85802960285
486,e1e140d2-b856-4d98-b476-c18697b95029,0.0,3902.38079679966
487,e1e5eded-f40b-4588-bbc3-4e75b7f1855b,8.0,15074.9209396017
488,e2304ab3-913c-437e-b363-415361651bb5,8.0,13843.0344423996
489,e3eebde2-a143-4434-8a64-061dcab77a54,0.0,14350.6616720042
490,e4188680-2e0c-4524-8709-50fd00882327,0.0,13855.2263031961
491,e44b6322-1e88-483f-90d3-7e32519b769f,6.0,14245.4902495992
492,e4628967-a156-4b91-9e2a-593655660359,2.0,5909.73762399881
493,e52e65cb-75e9-485d-b294-6fd41c393caf,0.0,2960.50151959935
494,e5a00a12-9321-41ea-bbc5-4665578ec279,8.0,12440.9638428006
495,e6677da5-32f1-454e-a5c8-fa3f80cc9d2c,10.0,5049.74843399759
496,e7265848-1678-4cfa-9696-b6bddf4b5a0a,0.0,4068.79373959964
497,e83fd0c9-1fc4-4395-b144-36232430bc31,6.0,10068.2770664062
498,e866d8ad-8042-499d-aee5-7c5ec420d964,5.0,4436.43399920256
499,e8d5afeb-1ea9-4121-b14f-48f939624c7e,1.0,8897.36010359775
500,eaa7b605-c2fa-4ff9-9125-3024969db714,6.0,6259.45162880089
501,eb679562-8514-434b-92e9-7eae3b042280,10.0,4888.57362000272
502,ec55484f-d199-4c01-b45e-218424e32894,1.0,6263.4002827981
503,ec73c63e-8602-4e3e-a2e6-1ffe74601942,8.0,8691.43635599994
504,ed322903-340f-499c-9167-02988fbd9f79,16.0,15463.9473991992
505,ed663f1b-f250-42c6-8b2f-2b5404c9146c,9.0,6675.12337120024
506,ed704ff8-44cf-499d-ac07-2b9729d8bf4a,1.0,5864.20598359837
507,ed80ba39-d5ee-4e15-b180-1c292e33123e,0.0,4233.31223040077
508,ee7804eb-0a52-4ace-a978-4d1fd525bc0f,16.0,11126.0019008041
509,eebd520c-6259-4c9e-b784-e4faa2d6c6a6,8.0,20178.0852808006
510,ef67edfe-3f83-46d7-995e-f8df21afe257,16.0,11897.3656311991
511,ef67f92e-0be2-4f7b-9aa0-094149b1e1e4,11.0,5806.9307932019
512,efcf63db-735e-4339-98a2-8c9960c928dc,16.0,7076.44949920359
513,efda3fcf-26b7-4da8-8e60-5e178e81012e,8.0,10774.0900272001
514,efe9e067-06ab-4933-aa61-485b9eefb91f,15.0,8722.13663080038
515,f03bdb32-c517-46fd-95f0-1d9d18181dfc,6.0,4072.38431239966
516,f09d7ca5-fae3-437a-8cb6-423a1487116e,10.0,6762.07121559855
517,f0dafc7c-f5f6-4613-9e3a-8d96c469e551,6.0,13990.4722775973
518,f0de9f07-5832-4aec-86ad-befd6a7f182f,2.0,8081.34789880205
519,f27479db-3ed0-4314-9659-e3b166c8dc64,6.0,4096.37125480003
520,f29d9800-5dd1-41fc-ab58-36934843a8ff,6.0,11616.6071831976
521,f34846ac-1d2a-457b-ad84-660e7c76fa5d,8.0,18777.9803279991
522,f3bc4a8d-0b8d-420e-8551-1c15a6f79b9d,14.0,9363.90560320069
523,f3c1bd43-0076-4c08-9f16-b86200328a52,0.0,9691.90793279995
524,f3dc5d08-472a-4284-b23b-3e02013cbb6c,1.0,5957.28811400113
525,f4814feb-378c-48df-a9fe-af7b943e565d,1.0,4773.28223279983
526,f4ae88f2-4183-4f39-86ff-0b3bfa44211b,1.0,5162.76984280194
527,f6e1d99f-9c4e-46a8-93bd-dc990a457875,8.0,15938.2325471997
528,f6e7f7cd-489a-4536-b48c-a3168df64a1b,1.0,23178.261631605
529,f7477ad9-cf38-42aa-8e6b-0ec636cf8e98,5.0,9002.03380599851
530,f7a68a1d-ac0a-4185-b9f3-6921b2b80d16,1.0,5638.04044359858
531,f872917d-dbbc-4b88-bbf9-ef412a91decc,17.0,6217.29896080797
532,f8964cf8-7f5f-4c4c-b65e-4f1a889ad00c,1.0,5195.71115960207
533,f898e7b7-30e8-4ae8-af4e-58d08d7b91df,16.0,4910.7021111995
534,f8a95031-1f71-453c-8e07-bce075c0fbc9,1.0,5594.46498559919
535,f900a773-7ab2-4923-b0c2-60b45903013c,8.0,17290.8814496041
536,f960cd7a-aa8b-445a-8c6d-52b077fcdc84,12.0,4925.62595159961
537,fa769f56-9917-470f-bf6b-1ec3047c4bd0,5.0,6623.84991960005
538,fa90c793-cba7-4cb7-baad-3b0d8358fa87,0.0,20857.3937855981
539,fb191ad9-ee1a-43f7-8045-036158ca45fc,6.0,14665.6608096091
540,fb534067-5a19-4800-90b4-886642fbd0ed,16.0,4452.54700320038
541,fbfb0618-ac6d-407f-800d-9adb9cca47f2,8.0,21206.130006798
542,fcf879e3-b960-4d3b-91eb-a7c9b7eab187,14.0,14817.7812432041
543,fd2ae52e-2db9-4a60-b2e7-1ed077734652,14.0,6776.83906480001
544,fd440cb5-d81e-40ee-9819-8395a61c3a35,16.0,6020.25577640052
545,fd53424d-2cfa-4a08-8010-98a2b1aec35f,15.0,14331.0185287992
546,fd7e5c52-ff8e-4806-9703-39402d395415,6.0,11525.9479684028
547,fe2d90e7-f54f-4b8b-8607-50b18091bd96,5.0,14805.3364576044
548,fe61333c-b60c-4500-bfa6-0b14db32d6d6,6.0,3495.01373719977
549,ff029d36-1c57-43fc-922f-2c148c3f6200,8.0,22625.6315160003
550,ff1e2a8b-cea3-4512-9144-e84263ca6afc,14.0,14185.2063099941
551,ffd9031e-4660-4018-889d-a3c1ddb65926,0.0,3264.32013039994
